Booking Ref No.,First Name,Middle Name,Last Name ,Flight code,Class,Check-In Status
31290362,Latonia,Ivey,Maldonado,QA410,Economy,
31251267,Gale,Sabina,Alvarado,QA410,Economy,Checked In
31040569,Kesha,Mindy,Casey,QA410,Economy,
31050669,Soo,Necole,Austin,QA410,Business,
31090975,Morris,Junior,Costa,QA410,Business,
31271078,Allan,Thea,Hobbs,QA410,First,
31030584,Denise,Celina,Sharp,QA410,Economy,Checked In
31290108,Ardelia,Salome,Edwards,QA410,First,
31060619,Hugh,Sudie,Snyder,QA410,Economy,
31170420,Davida,Mellissa,Weeks,QA410,First,
31031188,Shira,Isidro,Oconnell,QA410,Business,
31261087,Harry,Nora,Berry,QA410,Economy,Checked In
31221091,Alexander,Eloise,Orozco,QA410,Economy,
31220995,Cornelius,Javier,Saunders,QA410,Economy,
31080396,Stan,Annie,Camacho,QA410,Business,
31160396,Mac,Luke,Frye,QA410,Economy,Checked In
31220397,Herminia,Hollie,Garrett,QA410,First,
31140901,Natasha,Kip,Donaldson,QA410,First,
31140935,Wendy,Lindsey,Lowery,QA410,First,Checked In
31010336,Calvin,Rita,Arnold,QA410,First,
31080644,Barney,Tobias,Aguirre,QA410,Economy,Checked In
31170349,Ronald,Phyllis,Reynolds,QA410,Economy,
31040812,Judson,Harriet,Henson,QA410,Business,
31190418,Daryl,Bernie,Cisneros,QA410,Business,Checked In
31271018,Von,Valeria,Lucero,QA410,Economy,
31061028,Cleo,Edgardo,Preston,QA410,Economy,Checked In
31250529,Ethan,Chad,Small,QA410,Economy,Checked In
31290829,Hallie,Eleanor,Ho,QA410,Economy,
31030634,Kevin,Jeremy,Rice,QA410,Economy,Checked In
31140351,Philip,Berta,Thornton,QA410,Economy,Checked In
31190552,Tyrell,Courtney,Nixon,QA410,Economy,Checked In
31200360,Brant,Kurtis,English,QA410,Business,
31020269,Terrie,Lesley,Hinton,QA410,Economy,
31010841,Willian,Becky,Harvey,QA410,Economy,
31010742,Margarita,Dwain,Bird,QA410,Economy,
31120348,Gilda,Marcellus,Mercer,QA410,Business,
31290150,Clarice,Wesley,Burch,QA410,Business,
31030264,Annie,Darrin,Maddox,QA410,First,Checked In
31040666,Erwin,Selma,Gallagher,QA410,Economy,Checked In
31281267,Lorene,Israel,Pineda,QA410,First,Checked In
31281088,Trina,Franklyn,Espinoza,QA410,Economy,
31200490,Jody,Cedrick,Mcpherson,QA410,First,Checked In
31230397,Daryl,Frederic,Cameron,QA410,Economy,Checked In
31061108,Mae,Elvia,Rich,QA410,Business,
31151056,Tamra,Hai,Lamb,QA410,Economy,
31291159,Garrett,Earlene,Savage,QA410,Economy,
31030262,Carmela,Bertha,Brown,QA410,Business,Checked In
31010663,Fred,Cleveland,Watts,QA410,Economy,
31271264,Harley,Roxie,Cordova,QA410,First,
31290370,Graciela,Noel,Villarreal,QA410,First,
31030676,Dora,Marie,Herring,QA410,Economy,
31160294,Trenton,Lamar,Watkins,QA410,First,Checked In
31200300,Erna,Delmar,Garrison,QA410,Economy,
31130600,Fermin,Tamika,Mcmillan,QA410,First,
31280116,Cyril,Walter,Marsh,QA410,Economy,Checked In
11190284,Joel,Martin,Johanson,EA203,Economy,
11130486,Arnaud,Christian,Blomme,EA203,Business,Checked In
11100175,Gorgie,Dustin,Gurge,EA203,Economy,Checked In
11100175,Elliott,Deedra,Noble,EA203,First,
11121089,Irmgard,,Greene,EA203,First,Checked In
11060992,Twanna,Tanisha,Lam,EA203,Economy,Checked In
11300394,Lloyd,Tammera,Silva,EA203,Economy,
11071097,Olga,Jared,Saunders,EA203,Business,Checked In
11231207,Ronda,Drucilla,Frost,EA203,Business,Checked In
11120437,Amalia,Lincoln,Martinez,EA203,Economy,
11100941,Son,Edwardo,Shelton,EA203,Economy,
11060963,Cecil,Marisa,Strong,EA203,Economy,
11300768,Mae,Cecilia,Kaiser,EA203,Economy,
11110812,Buck,Janette,Zimmerman,EA203,Economy,
11040617,Esther,Katherine,Malone,EA203,First,
11030917,Alton,Anibal,Riddle,EA203,Economy,Checked In
11290911,Monte,Jared,Heath,EA203,Business,
11030733,Emilia,Millard,Park,EA203,Economy,Checked In
11100951,Elsie,Lance,Atkinson,EA203,Business,
11131054,Jewell,Warner,Hale,EA203,Business,Checked In
11281255,Mariana,Hyman,Marks,EA203,First,Checked In
11010863,Alexandra,Ferdinand,Forbes,EA203,Economy,
11250336,Hollis,Burt,Warner,EA203,Economy,Checked In
11041136,Tuan,Horacio,Adkins,EA203,Economy,Checked In
11290839,Bert,Alphonso,York,EA203,Business,
11231041,Cecile,Joaquin,Vargas,EA203,Business,
11310150,Celeste,Katelyn,Carroll,EA203,Economy,
11230183,Dena,Justin,Dawson,EA203,Business,Checked In
11101187,Enrique,Lonnie,Bradshaw,EA203,Economy,
11200188,David,Essie,May,EA203,First,Checked In
11090389,Carolyn,Esther,Hatfield,EA203,First,Checked In
11021168,Eunice,Kris,Buck,EA203,Economy,
11201268,Demetrius,Jordon,Keith,EA203,Economy,Checked In
11081169,Mervin,Bonita,Hart,EA203,Business,
11201174,Cesar,Cristopher,Duran,EA203,Business,Checked In
11300884,Brooks,Dexter,Nielsen,EA203,First,Checked In
11221112,Santo,Darlene,Walls,EA203,Economy,Checked In
11220432,Sheldon,Clinton,Chavez,EA203,Economy,
11071032,Jamey,Valarie,Shaffer,EA203,Economy,Checked In
11161136,Benita,Lynette,Chandler,EA203,Economy,Checked In
11220776,Emanuel,Kim,Oconnell,EA203,First,Checked In
11100683,Bernardo,Aimee,Sherman,EA203,Economy,Checked In
11070884,Romeo,Chang,Bryan,EA203,Business,Checked In
11060385,Frances,Georgia,Underwood,EA203,Economy,
11190593,Ezra,Graham,Benton,EA203,First,Checked In
21260429,Terese,Haley,Hall,BA808,First,Checked In
21300429,Harley,Eleonora,Owen,BA808,Economy,Checked In
21070532,Kerri,Shantae,Contreras,BA808,First,Checked In
21300134,Alesia,Jude,West,BA808,Economy,
21020334,Krista,Ilona,Pena,BA808,Business,
21090937,Arnoldo,Shakita,Sheppard,BA808,Economy,
21311240,Jamee,,Giles,BA808,First,Checked In
21271149,Roxane,Lynelle,Carney,BA808,First,Checked In
21211051,Joey,Hilton,Chandler,BA808,Economy,
21310760,Carry,Janyce,Romero,BA808,First,
21020339,Georgetta,,Gardner,BA808,Economy,Checked In
21211077,Tim,Zulma,Waller,BA808,Economy,Checked In
21021293,Lennie,Faviola,Dyer,BA808,Business,
21020569,Marion,Cathryn,Jarvis,BA808,Economy,Checked In
21060969,Cruz,Cordell,Villarreal,BA808,Economy,Checked In
21110670,Clinton,Isreal,Schaefer,BA808,Economy,
21141272,Juliet,Oswaldo,Mora,BA808,Business,Checked In
21171073,Susana,Loretta,Fry,BA808,Business,Checked In
21140374,Nichole,Benjamin,Maddox,BA808,Economy,Checked In
21060577,Drew,Bennie,Lucas,BA808,Economy,
21050381,Rosanna,Rosemarie,Shields,BA808,Economy,
21080683,Hal,Hayden,Fuentes,BA808,Business,
21300685,Ida,Stanton,Cohen,BA808,Business,Checked In
21010248,Karla,Latonya,Wiggins,BA808,First,Checked In
21100548,Bonnie,Dorothea,Sutton,BA808,Economy,Checked In
21300551,Benjamin,Savannah,Roth,BA808,Economy,
21180364,Becky,Elisha,West,BA808,First,
21091070,Dallas,Gale,Green,BA808,Economy,
21090772,Robyn,Willie,Benjamin,BA808,Economy,Checked In
21160883,Leif,Jeri,Fleming,BA808,Business,
21180684,Jeffrey,Maynard,Stanton,BA808,Business,
21290595,Beth,Max,Moss,BA808,First,
21270399,Alison,Judy,Potter,BA808,Economy,
21091003,David,Lamar,Leach,BA808,First,Checked In
21260508,Savannah,Araceli,Beck,BA808,Economy,Checked In
21261110,Forest,Brooks,Brennan,BA808,Economy,Checked In
21190562,Kara,Otha,Valentine,BA808,Business,
21111162,Davis,Ken,Bass,BA808,Economy,
21311069,Joaquin,Garth,Henson,BA808,Economy,Checked In
21221089,Floyd,Eva,Moore,BA808,Economy,Checked In
21231295,Markus,Estela,Coffey,BA808,First,
21130997,Abraham,Wayne,Fernandez,BA808,Economy,
21181098,Iris,Leopoldo,Mann,BA808,Business,
21181015,Shanna,Kent,Good,BA808,Economy,Checked In
21300328,Stanford,Reyes,Riggs,BA808,First,Checked In
21270830,Ronnie,Melvin,Hooper,BA808,First,
21291130,Gale,Jamie,Riddle,BA808,Economy,
21011032,Henrietta,Diego,Hobbs,BA808,First,
21291033,Arden,Richard,Lee,BA808,Economy,Checked In
21310198,Jewel,Ramiro,Santiago,BA808,Economy,Checked In
21091001,Stacey,Eula,Sparks,BA808,Business,
21200712,Eliseo,Jude,Wang,BA808,Economy,
21291042,Rachel,James,Haney,BA808,Economy,
21170544,Kathrine,Sue,Pineda,BA808,Economy,Checked In
21250346,Lilly,Whitney,Camacho,BA808,Business,Checked In
21030528,Marlin,Alphonse,Reese,BA808,Business,Checked In
21260132,Ed,Lilia,Barnett,BA808,Economy,
21160334,Dave,Mindy,Randolph,BA808,Economy,
21250637,Mitzi,Werner,Boone,BA808,Economy,
21140645,Mikel,Jody,Marks,BA808,Business,Checked In
21110450,Percy,Viola,Little,BA808,Business,Checked In
21131254,Cecile,Juana,Kennedy,BA808,Economy,
21100308,Olga,Katrina,Sheppard,BA808,Economy,
21070612,Nolan,Augustus,Cabrera,BA808,Economy,Checked In
21290379,Sherman,Terra,Horne,BA808,Business,
